username,password,email,,,
user1,pass123,user1@example.com,,,
user2,pass456,user2@example.com,,,
user3,pass789,user3@example.com,,,
user4,pass101,user4@example.com,,,"username,password,email"
user5,pass112,user5@example.com,,,"   user1,pass123,user1@example.com"
user6,pass123,user1@example.com,,,"   user2,pass456,user2@example.com"
user7,pass456,user2@example.com,,,"   user3,pass789,user3@example.com"
user8,pass789,user3@example.com,,,"   user4,pass101,user4@example.com"
user9,pass101,user4@example.com,,,"   user5,pass112,user5@example.com"
user10,pass112,user5@example.com,,,"   user6,pass131,user6@example.com"
user11,pass123,user1@example.com,,,"   user7,pass415,user7@example.com"
user12,pass456,user2@example.com,,,"   user8,pass161,user8@example.com"
user13,pass789,user3@example.com,,,"   user9,pass718,user9@example.com"
user14,pass101,user4@example.com,,,"   user10,pass192,user10@example.com"
user15,pass112,user5@example.com,,,
