timeStamp,elapsed,label,responseCode,responseMessage,threadName,dataType,success,failureMessage,bytes,sentBytes,grpThreads,allThreads,URL,Latency,IdleTime,Connect
1.75983E+12,1565,GET /get,200,OK,Load testing 1-6,text,TRUE,,627,125,21,21,http://httpbin.org/get?show_env=1,1565,0,220
1.75983E+12,723,POST /post,200,OK,Load testing 1-7,text,TRUE,,718,217,26,26,http://httpbin.org/post,723,0,224
1.75983E+12,854,GET /get,200,OK,Load testing 1-19,text,TRUE,,627,125,27,27,http://httpbin.org/get?show_env=1,854,0,226
1.75983E+12,668,GET /get,200,OK,Load testing 1-21,text,TRUE,,627,125,27,27,http://httpbin.org/get?show_env=1,668,0,221
1.75983E+12,1921,GET /get,200,OK,Load testing 1-9,text,TRUE,,627,125,28,28,http://httpbin.org/get?show_env=1,1921,0,219
1.75983E+12,564,GET /get,200,OK,Load testing 1-23,text,TRUE,,627,125,28,28,http://httpbin.org/get?show_env=1,564,0,222
1.75983E+12,1229,POST /post,200,OK,Load testing 1-3,text,TRUE,,718,217,29,29,http://httpbin.org/post,1228,0,214
1.75983E+12,1764,GET /get,200,OK,Load testing 1-12,text,TRUE,,627,125,29,29,http://httpbin.org/get?show_env=1,1764,0,229
1.75983E+12,1577,GET /get,200,OK,Load testing 1-14,text,TRUE,,627,125,29,29,http://httpbin.org/get?show_env=1,1577,0,224
1.75983E+12,1405,GET /get,200,OK,Load testing 1-17,text,TRUE,,627,125,31,31,http://httpbin.org/get?show_env=1,1404,0,217
1.75983E+12,1831,GET /get,200,OK,Load testing 1-13,text,TRUE,,627,125,31,31,http://httpbin.org/get?show_env=1,1831,0,229
1.75983E+12,1393,POST /post,200,OK,Load testing 1-1,text,TRUE,,718,217,33,33,http://httpbin.org/post,1393,0,216
1.75983E+12,976,GET /get,200,OK,Load testing 1-24,text,TRUE,,627,125,33,33,http://httpbin.org/get?show_env=1,976,0,221
1.75983E+12,1810,GET /get,200,OK,Load testing 1-16,text,TRUE,,627,125,34,34,http://httpbin.org/get?show_env=1,1809,0,234
1.75983E+12,1918,POST /post,200,OK,Load testing 1-8,text,TRUE,,718,217,34,34,http://httpbin.org/post,1918,0,235
1.75983E+12,1731,GET /get,200,OK,Load testing 1-18,text,TRUE,,627,125,35,35,http://httpbin.org/get?show_env=1,1730,0,226
1.75983E+12,953,GET /get,200,OK,Load testing 1-26,text,TRUE,,627,125,35,35,http://httpbin.org/get?show_env=1,953,0,218
1.75983E+12,945,PUT /put,200,OK,Load testing 1-7,text,TRUE,,717,215,36,36,http://httpbin.org/put,945,0,217
1.75983E+12,1450,POST /post,200,OK,Load testing 1-6,text,TRUE,,718,217,36,36,http://httpbin.org/post,1450,0,225
1.75983E+12,1808,GET /get,200,OK,Load testing 1-20,text,TRUE,,627,125,38,38,http://httpbin.org/get?show_env=1,1808,0,217
1.75983E+12,524,GET /get,200,OK,Load testing 1-36,text,TRUE,,627,125,41,41,http://httpbin.org/get?show_env=1,524,0,226
1.75983E+12,1297,POST /post,200,OK,Load testing 1-14,text,TRUE,,718,217,42,42,http://httpbin.org/post,1297,0,225
1.75983E+12,743,POST /post,200,OK,Load testing 1-18,text,TRUE,,718,217,42,42,http://httpbin.org/post,743,0,221
1.75983E+12,3303,GET /get,200,OK,Load testing 1-10,text,TRUE,,627,125,43,43,http://httpbin.org/get?show_env=1,3302,0,226
1.75983E+12,1248,POST /post,200,OK,Load testing 1-17,text,TRUE,,718,217,43,43,http://httpbin.org/post,1248,0,227
1.75983E+12,1448,PUT /put,200,OK,Load testing 1-3,text,TRUE,,717,215,44,44,http://httpbin.org/put,1447,0,217
1.75983E+12,1836,GET /get,200,OK,Load testing 1-28,text,TRUE,,627,125,46,46,http://httpbin.org/get?show_env=1,1835,0,216
1.75983E+12,1853,POST /post,200,OK,Load testing 1-23,text,TRUE,,718,217,47,47,http://httpbin.org/post,1853,0,240
1.75983E+12,601,POST /post,200,OK,Load testing 1-36,text,TRUE,,718,217,47,47,http://httpbin.org/post,600,0,220
1.75983E+12,2030,POST /post,200,OK,Load testing 1-19,text,TRUE,,718,217,47,47,http://httpbin.org/post,2030,0,216
1.75983E+12,2096,GET /get,200,OK,Load testing 1-27,text,TRUE,,627,125,47,47,http://httpbin.org/get?show_env=1,2096,0,230
1.75983E+12,1510,GET /get,200,OK,Load testing 1-33,text,TRUE,,627,125,47,47,http://httpbin.org/get?show_env=1,1510,0,224
1.75983E+12,1198,PUT /put,200,OK,Load testing 1-6,text,TRUE,,717,215,48,48,http://httpbin.org/put,1198,0,222
1.75983E+12,732,GET /get,200,OK,Load testing 1-41,text,TRUE,,627,125,48,48,http://httpbin.org/get?show_env=1,732,0,229
1.75983E+12,737,PUT /put,200,OK,Load testing 1-14,text,TRUE,,717,215,50,50,http://httpbin.org/put,736,0,231
1.75983E+12,2207,POST /post,200,OK,Load testing 1-9,text,TRUE,,718,217,50,50,http://httpbin.org/post,2207,0,227
1.75983E+12,1725,POST /post,200,OK,Load testing 1-16,text,TRUE,,718,217,51,51,http://httpbin.org/post,1725,0,229
1.75983E+12,1382,POST /post,200,OK,Load testing 1-20,text,TRUE,,718,217,51,51,http://httpbin.org/post,1382,0,222
1.75983E+12,3047,GET /get,200,OK,Load testing 1-22,text,TRUE,,627,125,52,52,http://httpbin.org/get?show_env=1,3047,0,221
1.75983E+12,1906,PUT /put,200,OK,Load testing 1-8,text,TRUE,,717,215,53,53,http://httpbin.org/put,1906,0,213
1.75983E+12,597,DELETE /delete,200,OK,Load testing 1-6,text,TRUE,,654,203,54,54,http://httpbin.org/delete,597,0,222
1.75983E+12,2454,POST /post,200,OK,Load testing 1-12,text,TRUE,,718,217,54,54,http://httpbin.org/post,2454,0,222
1.75983E+12,2646,POST /post,200,OK,Load testing 1-21,text,TRUE,,718,217,54,54,http://httpbin.org/post,2646,0,224
1.75983E+12,2341,POST /post,200,OK,Load testing 1-13,text,TRUE,,718,217,54,54,http://httpbin.org/post,2340,0,266
1.75983E+12,1316,GET /get,200,OK,Load testing 1-42,text,TRUE,,627,125,55,55,http://httpbin.org/get?show_env=1,1315,0,229
1.75983E+12,1245,PUT /put,200,OK,Load testing 1-18,text,TRUE,,717,215,55,55,http://httpbin.org/put,1244,0,230
1.75983E+12,1300,POST /post,200,OK,Load testing 1-10,text,TRUE,,718,217,56,56,http://httpbin.org/post,1299,0,234
1.75983E+12,2065,DELETE /delete,200,OK,Load testing 1-7,text,TRUE,,654,203,56,56,http://httpbin.org/delete,2064,0,221
1.75983E+12,1919,GET /get,200,OK,Load testing 1-38,text,TRUE,,627,125,57,57,http://httpbin.org/get?show_env=1,1919,0,229
1.75983E+12,638,GET /get,200,OK,Load testing 1-51,text,TRUE,,627,125,57,57,http://httpbin.org/get?show_env=1,637,0,239
1.75983E+12,2224,POST /post,200,OK,Load testing 1-26,text,TRUE,,718,217,57,57,http://httpbin.org/post,2223,0,228
1.75983E+12,2100,GET /get,200,OK,Load testing 1-39,text,TRUE,,627,125,59,59,http://httpbin.org/get?show_env=1,2100,0,232
1.75983E+12,746,GET /get,200,OK,Load testing 1-53,text,TRUE,,627,125,60,60,http://httpbin.org/get?show_env=1,746,0,225
1.75983E+12,3120,GET /get,200,OK,Load testing 1-30,text,TRUE,,627,125,61,61,http://httpbin.org/get?show_env=1,3119,0,216
1.75983E+12,1444,PUT /put,200,OK,Load testing 1-23,text,TRUE,,717,215,61,61,http://httpbin.org/put,1444,0,224
1.75983E+12,1868,GET /get,200,OK,Load testing 1-43,text,TRUE,,627,125,61,61,http://httpbin.org/get?show_env=1,1868,0,216
1.75983E+12,890,GET /get,200,OK,Load testing 1-54,text,TRUE,,627,125,62,62,http://httpbin.org/get?show_env=1,889,0,218
1.75983E+12,1893,DELETE /delete,200,OK,Load testing 1-3,text,TRUE,,654,203,63,63,http://httpbin.org/delete,1892,0,235
1.75983E+12,2322,GET /get,200,OK,Load testing 1-40,text,TRUE,,627,125,63,63,http://httpbin.org/get?show_env=1,2322,0,223
1.75983E+12,3242,GET /get,200,OK,Load testing 1-31,text,TRUE,,627,125,63,63,http://httpbin.org/get?show_env=1,3242,0,217
1.75983E+12,1963,GET /get,200,OK,Load testing 1-44,text,TRUE,,627,125,63,63,http://httpbin.org/get?show_env=1,1962,0,217
1.75983E+12,1185,GET /get,200,OK,Load testing 1-52,text,TRUE,,627,125,63,63,http://httpbin.org/get?show_env=1,1185,0,233
1.75983E+12,1575,POST /post,200,OK,Load testing 1-33,text,TRUE,,718,217,63,63,http://httpbin.org/post,1575,0,225
1.75983E+12,1606,PUT /put,200,OK,Load testing 1-19,text,TRUE,,717,215,63,63,http://httpbin.org/put,1606,0,228
1.75983E+12,1786,POST /post,200,OK,Load testing 1-28,text,TRUE,,718,217,64,64,http://httpbin.org/post,1785,0,222
1.75983E+12,1943,GET /get,200,OK,Load testing 1-46,text,TRUE,,627,125,65,65,http://httpbin.org/get?show_env=1,1943,0,219
1.75983E+12,3299,PUT /put,200,OK,Load testing 1-1,text,TRUE,,717,215,66,66,http://httpbin.org/put,3299,0,229
1.75983E+12,2285,PUT /put,200,OK,Load testing 1-17,text,TRUE,,717,215,66,66,http://httpbin.org/put,2284,0,226
1.75983E+12,1085,GET /get,200,OK,Load testing 1-56,text,TRUE,,627,125,66,66,http://httpbin.org/get?show_env=1,1085,0,226
1.75983E+12,1574,PUT /put,200,OK,Load testing 1-16,text,TRUE,,717,215,67,67,http://httpbin.org/put,1574,0,226
1.75983E+12,1907,GET /get,200,OK,Load testing 1-49,text,TRUE,,627,125,68,68,http://httpbin.org/get?show_env=1,1907,0,227
1.75983E+12,663,DELETE /delete,200,OK,Load testing 1-23,text,TRUE,,654,203,68,68,http://httpbin.org/delete,663,0,230
1.75983E+12,795,POST /post,200,OK,Load testing 1-30,text,TRUE,,718,217,69,69,http://httpbin.org/post,795,0,217
1.75983E+12,792,GET /get,200,OK,Load testing 1-62,text,TRUE,,627,125,69,69,http://httpbin.org/get?show_env=1,791,0,227
1.75983E+12,1675,PUT /put,200,OK,Load testing 1-21,text,TRUE,,717,215,70,70,http://httpbin.org/put,1674,0,226
1.75983E+12,2370,PUT /put,200,OK,Load testing 1-36,text,TRUE,,717,215,71,71,http://httpbin.org/put,2369,0,225
1.75983E+12,713,GET /get,200,OK,Load testing 1-64,text,TRUE,,627,125,71,71,http://httpbin.org/get?show_env=1,712,0,239
1.75983E+12,2110,GET /get,200,OK,Load testing 1-50,text,TRUE,,627,125,71,71,http://httpbin.org/get?show_env=1,2110,0,224
1.75983E+12,3459,GET /get,200,OK,Load testing 1-37,text,TRUE,,627,125,71,71,http://httpbin.org/get?show_env=1,3459,0,221
1.75983E+12,662,GET /get,200,OK,Load testing 1-65,text,TRUE,,627,125,71,71,http://httpbin.org/get?show_env=1,661,0,217
1.75983E+12,1781,PATCH /patch,200,OK,Load testing 1-6,text,TRUE,,681,216,72,72,http://httpbin.org/patch,1781,0,219
1.75983E+12,1160,POST /post,200,OK,Load testing 1-53,text,TRUE,,718,217,71,71,http://httpbin.org/post,1160,0,244
1.75983E+12,857,POST /post,200,OK,Load testing 1-44,text,TRUE,,718,217,71,71,http://httpbin.org/post,857,0,222
1.75983E+12,2046,POST /post,200,OK,Load testing 1-22,text,TRUE,,718,217,71,71,http://httpbin.org/post,2046,0,219
1.75983E+12,2268,PUT /put,200,OK,Load testing 1-9,text,TRUE,,717,215,72,72,http://httpbin.org/put,2268,0,240
1.75983E+12,681,DELETE /delete,200,OK,Load testing 1-1,text,TRUE,,654,203,72,72,http://httpbin.org/delete,681,0,225
1.75983E+12,2541,POST /post,200,OK,Load testing 1-27,text,TRUE,,718,217,72,72,http://httpbin.org/post,2541,0,223
1.75983E+12,1350,GET /get,200,OK,Load testing 1-60,text,TRUE,,627,125,72,72,http://httpbin.org/get?show_env=1,1350,0,223
1.75983E+12,1490,GET /get,200,OK,Load testing 1-59,text,TRUE,,627,125,72,72,http://httpbin.org/get?show_env=1,1490,0,217
1.75983E+12,707,POST /post,200,OK,Load testing 1-56,text,TRUE,,718,217,73,73,http://httpbin.org/post,706,0,230
1.75983E+12,1665,POST /post,200,OK,Load testing 1-51,text,TRUE,,718,217,73,73,http://httpbin.org/post,1664,0,228
1.75983E+12,1751,GET /get,200,OK,Load testing 1-57,text,TRUE,,627,125,73,73,http://httpbin.org/get?show_env=1,1750,0,223
1.75983E+12,1240,POST /post,200,OK,Load testing 1-31,text,TRUE,,718,217,74,74,http://httpbin.org/post,1240,0,231
1.75983E+12,1335,POST /post,200,OK,Load testing 1-54,text,TRUE,,718,217,75,75,http://httpbin.org/post,1335,0,223
1.75983E+12,848,GET /get,200,OK,Load testing 1-68,text,TRUE,,627,125,75,75,http://httpbin.org/get?show_env=1,847,0,260
1.75983E+12,2824,POST /post,200,OK,Load testing 1-41,text,TRUE,,718,217,75,75,http://httpbin.org/post,2824,0,217
1.75983E+12,694,POST /post,200,OK,Load testing 1-62,text,TRUE,,718,217,75,75,http://httpbin.org/post,694,0,228
1.75983E+12,1887,GET /get,200,OK,Load testing 1-58,text,TRUE,,627,125,75,75,http://httpbin.org/get?show_env=1,1886,0,221
1.75983E+12,1380,POST /post,200,OK,Load testing 1-52,text,TRUE,,718,217,76,76,http://httpbin.org/post,1379,0,227
1.75983E+12,2317,DELETE /delete,200,OK,Load testing 1-18,text,TRUE,,654,203,77,77,http://httpbin.org/delete,2317,0,235
1.75983E+12,1271,GET /get,200,OK,Load testing 1-66,text,TRUE,,627,125,77,77,http://httpbin.org/get?show_env=1,1270,0,232
1.75983E+12,503,GET /get,200,OK,Load testing 1-74,text,TRUE,,627,125,78,78,http://httpbin.org/get?show_env=1,502,0,235
1.75983E+12,1893,GET /get,200,OK,Load testing 1-61,text,TRUE,,627,125,79,79,http://httpbin.org/get?show_env=1,1893,0,231
1.75983E+12,4812,GET /get,200,OK,Load testing 1-32,text,TRUE,,627,125,79,79,http://httpbin.org/get?show_env=1,4811,0,230
1.75983E+12,1327,GET /get,200,OK,Load testing 1-67,text,TRUE,,627,125,79,79,http://httpbin.org/get?show_env=1,1326,0,220
1.75983E+12,947,POST /post,200,OK,Load testing 1-50,text,TRUE,,718,217,79,79,http://httpbin.org/post,947,0,219
1.75983E+12,2602,PUT /put,200,OK,Load testing 1-13,text,TRUE,,717,215,79,79,http://httpbin.org/put,2602,0,227
1.75983E+12,986,DELETE /delete,200,OK,Load testing 1-36,text,TRUE,,654,203,79,79,http://httpbin.org/delete,986,0,233
1.75983E+12,1306,POST /post,200,OK,Load testing 1-49,text,TRUE,,718,217,80,80,http://httpbin.org/post,1306,0,248
1.75983E+12,2444,PATCH /patch,200,OK,Load testing 1-7,text,TRUE,,681,216,80,80,http://httpbin.org/patch,2444,0,229
1.75983E+12,1798,POST /post,200,OK,Load testing 1-40,text,TRUE,,718,217,79,79,http://httpbin.org/post,1798,0,244
1.75983E+12,1277,GET /get,200,OK,Load testing 1-69,text,TRUE,,627,125,79,79,http://httpbin.org/get?show_env=1,1276,0,231
1.75983E+12,2493,POST /post,200,OK,Load testing 1-38,text,TRUE,,718,217,80,80,http://httpbin.org/post,2493,0,216
1.75983E+12,882,PUT /put,200,OK,Load testing 1-27,text,TRUE,,717,215,80,80,http://httpbin.org/put,882,0,224
1.75983E+12,2227,POST /post,200,OK,Load testing 1-39,text,TRUE,,718,217,80,80,http://httpbin.org/post,2227,0,224
1.75983E+12,1858,PUT /put,200,OK,Load testing 1-33,text,TRUE,,717,215,80,80,http://httpbin.org/put,1858,0,227
1.75983E+12,5356,GET /get,200,OK,Load testing 1-29,text,TRUE,,627,125,80,80,http://httpbin.org/get?show_env=1,5356,0,232
1.75983E+12,3573,GET /get,200,OK,Load testing 1-47,text,TRUE,,627,125,80,80,http://httpbin.org/get?show_env=1,3573,0,221
1.75983E+12,1855,PUT /put,200,OK,Load testing 1-28,text,TRUE,,717,215,80,80,http://httpbin.org/put,1855,0,218
1.75983E+12,1133,POST /post,200,OK,Load testing 1-65,text,TRUE,,718,217,80,80,http://httpbin.org/post,1133,0,225
1.75983E+12,1785,POST /post,200,OK,Load testing 1-46,text,TRUE,,718,217,81,81,http://httpbin.org/post,1784,0,224
1.75983E+12,648,GET /get,200,OK,Load testing 1-77,text,TRUE,,627,125,81,81,http://httpbin.org/get?show_env=1,648,0,227
1.75983E+12,723,PUT /put,200,OK,Load testing 1-41,text,TRUE,,717,215,81,81,http://httpbin.org/put,723,0,226
1.75983E+12,6652,POST /post,200,OK,Load testing 1-4,text,TRUE,,718,217,82,82,http://httpbin.org/post,6651,0,224
1.75983E+12,803,POST /post,200,OK,Load testing 1-68,text,TRUE,,718,217,82,82,http://httpbin.org/post,803,0,226
1.75983E+12,1279,PUT /put,200,OK,Load testing 1-44,text,TRUE,,717,215,83,83,http://httpbin.org/put,1279,0,221
1.75983E+12,1409,GET /get,200,OK,Load testing 1-71,text,TRUE,,627,125,83,83,http://httpbin.org/get?show_env=1,1409,0,234
1.75983E+12,1699,PATCH /patch,200,OK,Load testing 1-23,text,TRUE,,681,216,83,83,http://httpbin.org/patch,1699,0,229
1.75983E+12,7428,GET /get,200,OK,Load testing 1-11,text,TRUE,,627,125,82,82,http://httpbin.org/get?show_env=1,7428,0,228
1.75983E+12,1679,PUT /put,200,OK,Load testing 1-30,text,TRUE,,717,215,82,82,http://httpbin.org/put,1678,0,233
1.75983E+12,1521,DELETE /delete,200,OK,Load testing 1-21,text,TRUE,,654,203,83,83,http://httpbin.org/delete,1520,0,226
1.75983E+12,2315,PATCH /patch,200,OK,Load testing 1-3,text,TRUE,,681,216,83,83,http://httpbin.org/patch,2315,0,222
1.75983E+12,1633,GET /get,200,OK,Load testing 1-70,text,TRUE,,627,125,82,82,http://httpbin.org/get?show_env=1,1633,0,226
1.75983E+12,977,POST /post,200,OK,Load testing 1-58,text,TRUE,,718,217,82,82,http://httpbin.org/post,977,0,219
1.75983E+12,1183,GET /get,200,OK,Load testing 1-75,text,TRUE,,627,125,82,82,http://httpbin.org/get?show_env=1,1183,0,226
1.75983E+12,1315,POST /post,200,OK,Load testing 1-59,text,TRUE,,718,217,83,83,http://httpbin.org/post,1315,0,222
1.75983E+12,8225,GET /get,200,OK,Load testing 1-5,text,TRUE,,627,125,83,83,http://httpbin.org/get?show_env=1,8225,0,216
1.75983E+12,847,GET /get,200,OK,Load testing 1-79,text,TRUE,,627,125,83,83,http://httpbin.org/get?show_env=1,847,0,224
1.75983E+12,1379,PUT /put,200,OK,Load testing 1-56,text,TRUE,,717,215,83,83,http://httpbin.org/put,1379,0,222
1.75983E+12,1675,GET /get,200,OK,Load testing 1-72,text,TRUE,,627,125,84,84,http://httpbin.org/get?show_env=1,1674,0,227
1.75983E+12,1048,POST /post,200,OK,Load testing 1-66,text,TRUE,,718,217,85,85,http://httpbin.org/post,1048,0,228
1.75983E+12,2199,DELETE /delete,200,OK,Load testing 1-16,text,TRUE,,654,203,85,85,http://httpbin.org/delete,2199,0,233
1.75983E+12,2626,GET /get,200,OK,Load testing 1-63,text,TRUE,,627,125,85,85,http://httpbin.org/get?show_env=1,2625,0,221
1.75983E+12,3181,PUT /put,200,OK,Load testing 1-26,text,TRUE,,717,215,85,85,http://httpbin.org/put,3181,0,215
1.75983E+12,1656,POST /post,200,OK,Load testing 1-60,text,TRUE,,718,217,86,86,http://httpbin.org/post,1655,0,217
1.75983E+12,2714,DELETE /delete,200,OK,Load testing 1-19,text,TRUE,,654,203,87,87,http://httpbin.org/delete,2714,0,218
1.75983E+12,1024,PATCH /patch,200,OK,Load testing 1-36,text,TRUE,,681,216,87,87,http://httpbin.org/patch,1024,0,224
1.75983E+12,888,GET /get,200,OK,Load testing 1-83,text,TRUE,,627,125,86,86,http://httpbin.org/get?show_env=1,887,0,231
1.75983E+12,1598,PUT /put,200,OK,Load testing 1-31,text,TRUE,,717,215,86,86,http://httpbin.org/put,1598,0,220
1.75983E+12,7686,GET /get,200,OK,Load testing 1-15,text,TRUE,,627,125,86,86,http://httpbin.org/get?show_env=1,7686,0,225
1.75983E+12,1302,POST /post,200,OK,Load testing 1-74,text,TRUE,,718,217,87,87,http://httpbin.org/post,1302,0,220
1.75983E+12,1217,POST /post,200,OK,Load testing 1-61,text,TRUE,,718,217,87,87,http://httpbin.org/post,1217,0,217
1.75983E+12,1000,DELETE /delete,200,OK,Load testing 1-27,text,TRUE,,654,203,87,87,http://httpbin.org/delete,1000,0,230
1.75983E+12,463,GET /get,200,OK,Load testing 1-88,text,TRUE,,627,125,87,87,http://httpbin.org/get?show_env=1,462,0,216
1.75983E+12,1954,PATCH /patch,200,OK,Load testing 1-1,text,TRUE,,681,216,87,87,http://httpbin.org/patch,1954,0,220
1.75983E+12,784,POST /post,200,OK,Load testing 1-71,text,TRUE,,718,217,86,86,http://httpbin.org/post,784,0,219
1.75983E+12,1475,PATCH /patch,200,OK,Load testing 1-18,text,TRUE,,681,216,87,87,http://httpbin.org/patch,1475,0,223
1.75983E+12,831,DELETE /delete,200,OK,Load testing 1-44,text,TRUE,,654,203,86,86,http://httpbin.org/delete,831,0,223
1.75983E+12,1262,DELETE /delete,200,OK,Load testing 1-13,text,TRUE,,654,203,86,86,http://httpbin.org/delete,1262,0,218
1.75983E+12,1043,PUT /put,200,OK,Load testing 1-65,text,TRUE,,717,215,86,86,http://httpbin.org/put,1043,0,224
1.75983E+12,2249,POST /post,200,OK,Load testing 1-64,text,TRUE,,718,217,86,86,http://httpbin.org/post,2249,0,230
1.75983E+12,566,POST /post,200,OK,Load testing 1-72,text,TRUE,,718,217,87,87,http://httpbin.org/post,566,0,217
1.75983E+12,1999,POST /post,200,OK,Load testing 1-57,text,TRUE,,718,217,87,87,http://httpbin.org/post,1998,0,217
1.75983E+12,1842,PUT /put,200,OK,Load testing 1-54,text,TRUE,,717,215,87,87,http://httpbin.org/put,1842,0,224
1.75983E+12,867,GET /get,200,OK,Load testing 1-86,text,TRUE,,627,125,87,87,http://httpbin.org/get?show_env=1,867,0,220
1.75983E+12,3886,PUT /put,200,OK,Load testing 1-10,text,TRUE,,717,215,87,87,http://httpbin.org/put,3886,0,221
1.75983E+12,2855,DELETE /delete,200,OK,Load testing 1-17,text,TRUE,,654,203,87,87,http://httpbin.org/delete,2854,0,221
1.75983E+12,2207,PUT /put,200,OK,Load testing 1-22,text,TRUE,,717,215,87,87,http://httpbin.org/put,2207,0,230
1.75983E+12,848,POST /post,200,OK,Load testing 1-75,text,TRUE,,718,217,88,88,http://httpbin.org/post,848,0,225
1.75983E+12,1971,GET /get,200,OK,Load testing 1-76,text,TRUE,,627,125,88,88,http://httpbin.org/get?show_env=1,1971,0,216
1.75983E+12,594,PUT /put,200,OK,Load testing 1-60,text,TRUE,,717,215,89,89,http://httpbin.org/put,594,0,220
1.75983E+12,1506,PUT /put,200,OK,Load testing 1-40,text,TRUE,,717,215,89,89,http://httpbin.org/put,1506,0,230
1.75983E+12,1638,GET /get,200,OK,Load testing 1-80,text,TRUE,,627,125,89,89,http://httpbin.org/get?show_env=1,1638,0,228
1.75983E+12,1261,GET /get,200,OK,Load testing 1-84,text,TRUE,,627,125,89,89,http://httpbin.org/get?show_env=1,1260,0,227
1.75983E+12,815,PATCH /patch,200,OK,Load testing 1-16,text,TRUE,,681,216,90,90,http://httpbin.org/patch,815,0,222
1.75983E+12,627,PATCH /patch,200,OK,Load testing 1-19,text,TRUE,,681,216,89,89,http://httpbin.org/patch,627,0,225
1.75983E+12,1643,GET /get,200,OK,Load testing 1-81,text,TRUE,,627,125,88,88,http://httpbin.org/get?show_env=1,1643,0,230
1.75983E+12,1428,PUT /put,200,OK,Load testing 1-46,text,TRUE,,717,215,88,88,http://httpbin.org/put,1428,0,220
1.75983E+12,1764,POST /post,200,OK,Load testing 1-67,text,TRUE,,718,217,88,88,http://httpbin.org/post,1764,0,224
1.75983E+12,1183,PATCH /patch,200,OK,Load testing 1-21,text,TRUE,,681,216,89,89,http://httpbin.org/patch,1183,0,228
1.75983E+12,1524,POST /post,200,OK,Load testing 1-47,text,TRUE,,718,217,89,89,http://httpbin.org/post,1524,0,223
1.75983E+12,2047,PUT /put,200,OK,Load testing 1-52,text,TRUE,,717,215,88,88,http://httpbin.org/put,2047,0,233
1.75983E+12,1739,PUT /put,200,OK,Load testing 1-49,text,TRUE,,717,215,88,88,http://httpbin.org/put,1739,0,216
1.75983E+12,1136,POST /post,200,OK,Load testing 1-5,text,TRUE,,718,217,88,88,http://httpbin.org/post,1136,0,227
1.75983E+12,2482,PUT /put,200,OK,Load testing 1-51,text,TRUE,,717,215,88,88,http://httpbin.org/put,2481,0,215
1.75983E+12,818,GET /get,200,OK,Load testing 1-91,text,TRUE,,627,125,89,89,http://httpbin.org/get?show_env=1,818,0,214
1.75983E+12,1681,DELETE /delete,200,OK,Load testing 1-33,text,TRUE,,654,203,89,89,http://httpbin.org/delete,1681,0,224
1.75983E+12,726,PUT /put,200,OK,Load testing 1-74,text,TRUE,,717,215,89,89,http://httpbin.org/put,726,0,226
1.75983E+12,1028,PUT /put,200,OK,Load testing 1-66,text,TRUE,,717,215,89,89,http://httpbin.org/put,1028,0,238
1.75983E+12,9759,GET /get,200,OK,Load testing 1-2,text,TRUE,,627,125,89,89,http://httpbin.org/get?show_env=1,9759,0,223
1.75983E+12,674,PUT /put,200,OK,Load testing 1-71,text,TRUE,,717,215,89,89,http://httpbin.org/put,674,0,222
1.75983E+12,1926,PUT /put,200,OK,Load testing 1-50,text,TRUE,,717,215,89,89,http://httpbin.org/put,1925,0,226
1.75983E+12,1400,DELETE /delete,200,OK,Load testing 1-30,text,TRUE,,654,203,90,90,http://httpbin.org/delete,1400,0,229
1.75983E+12,715,PATCH /patch,200,OK,Load testing 1-13,text,TRUE,,681,216,90,90,http://httpbin.org/patch,715,0,239
1.75983E+12,1396,PUT /put,200,OK,Load testing 1-58,text,TRUE,,717,215,89,89,http://httpbin.org/put,1395,0,226
1.75983E+12,1397,PUT /put,200,OK,Load testing 1-59,text,TRUE,,717,215,89,89,http://httpbin.org/put,1397,0,223
1.75983E+12,2506,PUT /put,200,OK,Load testing 1-62,text,TRUE,,717,215,89,89,http://httpbin.org/put,2506,0,234
1.75983E+12,569,DELETE /delete,200,OK,Load testing 1-40,text,TRUE,,654,203,89,89,http://httpbin.org/delete,568,0,215
1.75983E+12,2010,PUT /put,200,OK,Load testing 1-38,text,TRUE,,717,215,89,89,http://httpbin.org/put,2010,0,231
1.75983E+12,2444,GET /get,200,OK,Load testing 1-78,text,TRUE,,627,125,89,89,http://httpbin.org/get?show_env=1,2444,0,221
1.75983E+12,1663,POST /post,200,OK,Load testing 1-70,text,TRUE,,718,217,89,89,http://httpbin.org/post,1663,0,220
1.75983E+12,4161,POST /post,200,OK,Load testing 1-43,text,TRUE,,718,217,89,89,http://httpbin.org/post,4161,0,219
1.75983E+12,1405,POST /post,200,OK,Load testing 1-63,text,TRUE,,718,217,89,89,http://httpbin.org/post,1405,0,230
1.75983E+12,3217,POST /post,200,OK,Load testing 1-37,text,TRUE,,718,217,89,89,http://httpbin.org/post,3217,0,219
1.75983E+12,1626,DELETE /delete,200,OK,Load testing 1-56,text,TRUE,,654,203,89,89,http://httpbin.org/delete,1626,0,234
1.75983E+12,1772,POST /post,200,OK,Load testing 1-79,text,TRUE,,718,217,89,89,http://httpbin.org/post,1772,0,217
1.75983E+12,1312,PATCH /patch,200,OK,Load testing 1-27,text,TRUE,,681,216,89,89,http://httpbin.org/patch,1312,0,225
1.75983E+12,613,DELETE /delete,200,OK,Load testing 1-66,text,TRUE,,654,203,88,88,http://httpbin.org/delete,612,0,251
1.75983E+12,1239,PUT /put,200,OK,Load testing 1-64,text,TRUE,,717,215,88,88,http://httpbin.org/put,1239,0,222
1.75983E+12,2111,GET /get,200,OK,Load testing 1-87,text,TRUE,,627,125,88,88,http://httpbin.org/get?show_env=1,2110,0,216
1.75983E+12,1719,DELETE /delete,200,OK,Load testing 1-31,text,TRUE,,654,203,88,88,http://httpbin.org/delete,1719,0,220
1.75983E+12,1197,POST /post,200,OK,Load testing 1-81,text,TRUE,,718,217,88,88,http://httpbin.org/post,1197,0,218
1.75983E+12,2756,GET /get,200,OK,Load testing 1-82,text,TRUE,,627,125,88,88,http://httpbin.org/get?show_env=1,2755,0,216
1.75983E+12,1352,POST /post,200,OK,Load testing 1-80,text,TRUE,,718,217,88,88,http://httpbin.org/post,1352,0,218
1.75983E+12,1209,PUT /put,200,OK,Load testing 1-47,text,TRUE,,717,215,88,88,http://httpbin.org/put,1209,0,220
1.75983E+12,1445,POST /post,200,OK,Load testing 1-76,text,TRUE,,718,217,88,88,http://httpbin.org/post,1445,0,229
1.75983E+12,1616,POST /post,200,OK,Load testing 1-86,text,TRUE,,718,217,88,88,http://httpbin.org/post,1616,0,218
1.75983E+12,2869,PUT /put,200,OK,Load testing 1-39,text,TRUE,,717,215,88,88,http://httpbin.org/put,2869,0,215
1.75983E+12,1418,PUT /put,200,OK,Load testing 1-67,text,TRUE,,717,215,88,88,http://httpbin.org/put,1418,0,226
1.75983E+12,2710,GET /get,200,OK,Load testing 1-85,text,TRUE,,627,125,88,88,http://httpbin.org/get?show_env=1,2710,0,219
1.75983E+12,1374,GET /get,200,OK,Load testing 1-99,text,TRUE,,627,125,88,88,http://httpbin.org/get?show_env=1,1373,0,225
1.75983E+12,987,PUT /put,200,OK,Load testing 1-63,text,TRUE,,717,215,88,88,http://httpbin.org/put,986,0,369
1.75983E+12,2371,GET /get,200,OK,Load testing 1-90,text,TRUE,,627,125,88,88,http://httpbin.org/get?show_env=1,2371,0,216
1.75983E+12,970,PATCH /patch,200,OK,Load testing 1-56,text,TRUE,,681,216,88,88,http://httpbin.org/patch,970,0,420
1.75983E+12,1694,GET /get,200,OK,Load testing 1-97,text,TRUE,,627,125,87,87,http://httpbin.org/get?show_env=1,1694,0,219
1.75983E+12,2442,DELETE /delete,200,OK,Load testing 1-26,text,TRUE,,654,203,87,87,http://httpbin.org/delete,2442,0,224
1.75983E+12,2128,GET /get,200,OK,Load testing 1-93,text,TRUE,,627,125,87,87,http://httpbin.org/get?show_env=1,2128,0,222
1.75983E+12,2089,DELETE /delete,200,OK,Load testing 1-65,text,TRUE,,654,203,87,87,http://httpbin.org/delete,2089,0,243
1.75983E+12,2114,PATCH /patch,200,OK,Load testing 1-44,text,TRUE,,681,216,87,87,http://httpbin.org/patch,2114,0,238
1.75983E+12,1505,POST /post,200,OK,Load testing 1-2,text,TRUE,,718,217,86,86,http://httpbin.org/post,1505,0,234
1.75983E+12,1867,GET /get,200,OK,Load testing 1-96,text,TRUE,,627,125,86,86,http://httpbin.org/get?show_env=1,1866,0,229
1.75983E+12,2015,DELETE /delete,200,OK,Load testing 1-54,text,TRUE,,654,203,86,86,http://httpbin.org/delete,2015,0,217
1.75983E+12,947,PATCH /patch,200,OK,Load testing 1-66,text,TRUE,,681,216,86,86,http://httpbin.org/patch,946,0,273
1.75983E+12,964,DELETE /delete,200,OK,Load testing 1-64,text,TRUE,,654,203,85,85,http://httpbin.org/delete,964,0,271
1.75983E+12,8170,GET /get,200,OK,Load testing 1-34,text,TRUE,,627,125,85,85,http://httpbin.org/get?show_env=1,8170,0,239
1.75983E+12,1655,POST /post,200,OK,Load testing 1-91,text,TRUE,,718,217,85,85,http://httpbin.org/post,1655,0,220
1.75983E+12,641,PUT /put,200,OK,Load testing 1-81,text,TRUE,,717,215,85,85,http://httpbin.org/put,641,0,262
1.75983E+12,1589,GET /get,200,OK,Load testing 1-100,text,TRUE,,627,125,85,85,http://httpbin.org/get?show_env=1,1589,0,225
1.75983E+12,3239,POST /post,200,OK,Load testing 1-77,text,TRUE,,718,217,85,85,http://httpbin.org/post,3239,0,226
1.75983E+12,1997,DELETE /delete,200,OK,Load testing 1-60,text,TRUE,,654,203,85,85,http://httpbin.org/delete,1997,0,217
1.75983E+12,2112,GET /get,200,OK,Load testing 1-95,text,TRUE,,627,125,85,85,http://httpbin.org/get?show_env=1,2112,0,229
1.75983E+12,1853,DELETE /delete,200,OK,Load testing 1-52,text,TRUE,,654,203,85,85,http://httpbin.org/delete,1852,0,232
1.75983E+12,2192,PATCH /patch,200,OK,Load testing 1-17,text,TRUE,,681,216,85,85,http://httpbin.org/patch,2192,0,228
1.75983E+12,1403,PUT /put,200,OK,Load testing 1-70,text,TRUE,,717,215,84,84,http://httpbin.org/put,1402,0,401
1.75983E+12,2514,GET /get,200,OK,Load testing 1-92,text,TRUE,,627,125,84,84,http://httpbin.org/get?show_env=1,2514,0,229
1.75983E+12,2184,PUT /put,200,OK,Load testing 1-75,text,TRUE,,717,215,84,84,http://httpbin.org/put,2184,0,221
1.75983E+12,1676,DELETE /delete,200,OK,Load testing 1-58,text,TRUE,,654,203,84,84,http://httpbin.org/delete,1675,0,231
1.75983E+12,4438,GET /get,200,OK,Load testing 1-73,text,TRUE,,627,125,84,84,http://httpbin.org/get?show_env=1,4438,0,230
1.75983E+12,3424,DELETE /delete,200,OK,Load testing 1-41,text,TRUE,,654,203,84,84,http://httpbin.org/delete,3424,0,222
1.75983E+12,1901,DELETE /delete,200,OK,Load testing 1-71,text,TRUE,,654,203,84,84,http://httpbin.org/delete,1901,0,229
1.75983E+12,2096,GET /get,200,OK,Load testing 1-98,text,TRUE,,627,125,84,84,http://httpbin.org/get?show_env=1,2095,0,220
1.75983E+12,2057,PUT /put,200,OK,Load testing 1-5,text,TRUE,,717,215,84,84,http://httpbin.org/put,2057,0,226
1.75983E+12,3546,PUT /put,200,OK,Load testing 1-68,text,TRUE,,717,215,84,84,http://httpbin.org/put,3546,0,227
1.75983E+12,1050,PUT /put,200,OK,Load testing 1-80,text,TRUE,,717,215,84,84,http://httpbin.org/put,1050,0,236
1.75983E+12,989,DELETE /delete,200,OK,Load testing 1-39,text,TRUE,,654,203,84,84,http://httpbin.org/delete,989,0,271
1.75983E+12,2212,DELETE /delete,200,OK,Load testing 1-51,text,TRUE,,654,203,84,84,http://httpbin.org/delete,2212,0,228
1.75983E+12,1950,DELETE /delete,200,OK,Load testing 1-38,text,TRUE,,654,203,84,84,http://httpbin.org/delete,1950,0,224
1.75983E+12,885,DELETE /delete,200,OK,Load testing 1-63,text,TRUE,,654,203,84,84,http://httpbin.org/delete,884,0,239
1.75983E+12,2228,PATCH /patch,200,OK,Load testing 1-30,text,TRUE,,681,216,84,84,http://httpbin.org/patch,2228,0,224
1.75983E+12,2451,DELETE /delete,200,OK,Load testing 1-46,text,TRUE,,654,203,84,84,http://httpbin.org/delete,2450,0,224
1.75983E+12,814,PUT /put,200,OK,Load testing 1-2,text,TRUE,,717,215,83,83,http://httpbin.org/put,814,0,237
1.75983E+12,1403,PATCH /patch,200,OK,Load testing 1-31,text,TRUE,,681,216,83,83,http://httpbin.org/patch,1403,0,279
1.75983E+12,716,PATCH /patch,200,OK,Load testing 1-60,text,TRUE,,681,216,82,82,http://httpbin.org/patch,716,0,253
1.75983E+12,680,PATCH /patch,200,OK,Load testing 1-52,text,TRUE,,681,216,81,81,http://httpbin.org/patch,680,0,241
1.75983E+12,764,DELETE /delete,200,OK,Load testing 1-81,text,TRUE,,654,203,80,80,http://httpbin.org/delete,764,0,259
1.75983E+12,2131,POST /post,200,OK,Load testing 1-78,text,TRUE,,718,217,80,80,http://httpbin.org/post,2131,0,219
1.75983E+12,3903,POST /post,200,OK,Load testing 1-11,text,TRUE,,718,217,80,80,http://httpbin.org/post,3902,0,224
1.75983E+12,4039,PUT /put,200,OK,Load testing 1-4,text,TRUE,,717,215,80,80,http://httpbin.org/put,4039,0,218
1.75983E+12,1493,PUT /put,200,OK,Load testing 1-76,text,TRUE,,717,215,80,80,http://httpbin.org/put,1492,0,242
1.75983E+12,944,PUT /put,200,OK,Load testing 1-91,text,TRUE,,717,215,80,80,http://httpbin.org/put,944,0,265
1.75983E+12,3020,DELETE /delete,200,OK,Load testing 1-22,text,TRUE,,654,203,80,80,http://httpbin.org/delete,3020,0,218
1.75983E+12,1323,POST /post,200,OK,Load testing 1-85,text,TRUE,,718,217,80,80,http://httpbin.org/post,1322,0,235
1.75983E+12,1158,PATCH /patch,200,OK,Load testing 1-26,text,TRUE,,681,216,80,80,http://httpbin.org/patch,1158,0,260
1.75983E+12,4313,DELETE /delete,200,OK,Load testing 1-28,text,TRUE,,654,203,79,79,http://httpbin.org/delete,4313,0,220
1.75983E+12,1326,POST /post,200,OK,Load testing 1-99,text,TRUE,,718,217,79,79,http://httpbin.org/post,1326,0,243
1.75983E+12,1032,POST /post,200,OK,Load testing 1-34,text,TRUE,,718,217,79,79,http://httpbin.org/post,1032,0,236
1.75983E+12,7133,GET /get,200,OK,Load testing 1-55,text,TRUE,,627,125,79,79,http://httpbin.org/get?show_env=1,7133,0,219
1.75983E+12,1212,PATCH /patch,200,OK,Load testing 1-65,text,TRUE,,681,216,79,79,http://httpbin.org/patch,1212,0,240
1.75983E+12,1664,DELETE /delete,200,OK,Load testing 1-47,text,TRUE,,654,203,78,78,http://httpbin.org/delete,1664,0,242
1.75983E+12,3530,POST /post,200,OK,Load testing 1-88,text,TRUE,,718,217,78,78,http://httpbin.org/post,3530,0,229
1.75983E+12,1805,PUT /put,200,OK,Load testing 1-86,text,TRUE,,717,215,78,78,http://httpbin.org/put,1805,0,281
1.75983E+12,885,DELETE /delete,200,OK,Load testing 1-80,text,TRUE,,654,203,78,78,http://httpbin.org/delete,885,0,244
1.75983E+12,1637,POST /post,200,OK,Load testing 1-97,text,TRUE,,718,217,78,78,http://httpbin.org/post,1637,0,242
1.75983E+12,1479,POST /post,200,OK,Load testing 1-100,text,TRUE,,718,217,78,78,http://httpbin.org/post,1479,0,264
1.75983E+12,3139,DELETE /delete,200,OK,Load testing 1-74,text,TRUE,,654,203,78,78,http://httpbin.org/delete,3139,0,228
1.75983E+12,567,DELETE /delete,200,OK,Load testing 1-76,text,TRUE,,654,203,78,78,http://httpbin.org/delete,567,0,254
1.75983E+12,1511,DELETE /delete,200,OK,Load testing 1-70,text,TRUE,,654,203,78,78,http://httpbin.org/delete,1510,0,259
1.75983E+12,8713,GET /get,200,OK,Load testing 1-45,text,TRUE,,627,125,78,78,http://httpbin.org/get?show_env=1,8713,0,220
1.75983E+12,908,PATCH /patch,200,OK,Load testing 1-81,text,TRUE,,681,216,78,78,http://httpbin.org/patch,908,0,266
1.75983E+12,857,DELETE /delete,200,OK,Load testing 1-4,text,TRUE,,654,203,77,77,http://httpbin.org/delete,857,0,246
1.75983E+12,8157,PUT /put,200,OK,Load testing 1-20,text,TRUE,,717,215,77,77,http://httpbin.org/put,8157,0,230
1.75983E+12,3047,PUT /put,200,OK,Load testing 1-37,text,TRUE,,717,215,77,77,http://httpbin.org/put,3047,0,452
1.75983E+12,10095,POST /post,200,OK,Load testing 1-24,text,TRUE,,718,217,77,77,http://httpbin.org/post,10095,0,233
1.75983E+12,1608,PATCH /patch,200,OK,Load testing 1-71,text,TRUE,,681,216,77,77,http://httpbin.org/patch,1608,0,218
1.75983E+12,1679,PATCH /patch,200,OK,Load testing 1-41,text,TRUE,,681,216,76,76,http://httpbin.org/patch,1679,0,258
1.75983E+12,2065,POST /post,200,OK,Load testing 1-93,text,TRUE,,718,217,75,75,http://httpbin.org/post,2065,0,240
1.75983E+12,1218,DELETE /delete,200,OK,Load testing 1-2,text,TRUE,,654,203,75,75,http://httpbin.org/delete,1218,0,252
1.75983E+12,1777,PATCH /patch,200,OK,Load testing 1-58,text,TRUE,,681,216,75,75,http://httpbin.org/patch,1777,0,286
1.75983E+12,1812,DELETE /delete,200,OK,Load testing 1-75,text,TRUE,,654,203,74,74,http://httpbin.org/delete,1811,0,252
1.75983E+12,4393,PUT /put,200,OK,Load testing 1-61,text,TRUE,,717,215,74,74,http://httpbin.org/put,4393,0,221
1.75983E+12,955,PATCH /patch,200,OK,Load testing 1-47,text,TRUE,,681,216,74,74,http://httpbin.org/patch,955,0,220
1.75983E+12,3405,PUT /put,200,OK,Load testing 1-43,text,TRUE,,717,215,73,73,http://httpbin.org/put,3404,0,378
1.75983E+12,2924,POST /post,200,OK,Load testing 1-87,text,TRUE,,718,217,73,73,http://httpbin.org/post,2923,0,244
1.75983E+12,3927,DELETE /delete,200,OK,Load testing 1-49,text,TRUE,,654,203,73,73,http://httpbin.org/delete,3927,0,218
1.75983E+12,1898,DELETE /delete,200,OK,Load testing 1-5,text,TRUE,,654,203,73,73,http://httpbin.org/delete,1898,0,263
1.75983E+12,4385,PUT /put,200,OK,Load testing 1-72,text,TRUE,,717,215,73,73,http://httpbin.org/put,4385,0,214
1.75983E+12,3659,DELETE /delete,200,OK,Load testing 1-62,text,TRUE,,654,203,73,73,http://httpbin.org/delete,3659,0,215
1.75983E+12,3408,PUT /put,200,OK,Load testing 1-79,text,TRUE,,717,215,73,73,http://httpbin.org/put,3408,0,320
1.75983E+12,1024,PATCH /patch,200,OK,Load testing 1-74,text,TRUE,,681,216,73,73,http://httpbin.org/patch,1024,0,683
1.75983E+12,2915,DELETE /delete,200,OK,Load testing 1-67,text,TRUE,,654,203,72,72,http://httpbin.org/delete,2915,0,229
1.75983E+12,1978,PATCH /patch,200,OK,Load testing 1-38,text,TRUE,,681,216,72,72,http://httpbin.org/patch,1978,0,247
1.75983E+12,4245,PATCH /patch,200,OK,Load testing 1-33,text,TRUE,,681,216,71,71,http://httpbin.org/patch,4244,0,220
1.75983E+12,995,POST /post,200,OK,Load testing 1-45,text,TRUE,,718,217,70,70,http://httpbin.org/post,995,0,550
1.75983E+12,3261,POST /post,200,OK,Load testing 1-82,text,TRUE,,718,217,70,70,http://httpbin.org/post,3260,0,249
1.75983E+12,605,DELETE /delete,200,OK,Load testing 1-61,text,TRUE,,654,203,70,70,http://httpbin.org/delete,605,0,270
1.75983E+12,2763,POST /post,200,OK,Load testing 1-96,text,TRUE,,718,217,70,70,http://httpbin.org/post,2762,0,231
1.75983E+12,838,DELETE /delete,200,OK,Load testing 1-37,text,TRUE,,654,203,70,70,http://httpbin.org/delete,837,0,348
1.75983E+12,794,PATCH /patch,200,OK,Load testing 1-2,text,TRUE,,681,216,70,70,http://httpbin.org/patch,794,0,282
1.75983E+12,2131,PATCH /patch,200,OK,Load testing 1-63,text,TRUE,,681,216,69,69,http://httpbin.org/patch,2130,0,254
1.75983E+12,2407,DELETE /delete,200,OK,Load testing 1-68,text,TRUE,,654,203,68,68,http://httpbin.org/delete,2406,0,250
1.75983E+12,1103,DELETE /delete,200,OK,Load testing 1-20,text,TRUE,,654,203,68,68,http://httpbin.org/delete,1103,0,423
1.75983E+12,656,PATCH /patch,200,OK,Load testing 1-5,text,TRUE,,681,216,68,68,http://httpbin.org/patch,656,0,275
1.75983E+12,2445,PATCH /patch,200,OK,Load testing 1-51,text,TRUE,,681,216,67,67,http://httpbin.org/patch,2445,0,250
1.75983E+12,781,PATCH /patch,200,OK,Load testing 1-49,text,TRUE,,681,216,66,66,http://httpbin.org/patch,781,0,312
1.75983E+12,1978,PUT /put,200,OK,Load testing 1-99,text,TRUE,,717,215,65,65,http://httpbin.org/put,1978,0,286
1.75983E+12,1077,PATCH /patch,200,OK,Load testing 1-75,text,TRUE,,681,216,65,65,http://httpbin.org/patch,1076,0,253
1.75983E+12,3241,POST /post,200,OK,Load testing 1-90,text,TRUE,,718,217,64,64,http://httpbin.org/post,3240,0,259
1.75983E+12,2202,DELETE /delete,200,OK,Load testing 1-91,text,TRUE,,654,203,64,64,http://httpbin.org/delete,2202,0,276
1.75983E+12,2143,PATCH /patch,200,OK,Load testing 1-28,text,TRUE,,681,216,64,64,http://httpbin.org/patch,2142,0,298
1.75983E+12,891,DELETE /delete,200,OK,Load testing 1-79,text,TRUE,,654,203,63,63,http://httpbin.org/delete,891,0,251
1.75983E+12,1516,PATCH /patch,200,OK,Load testing 1-4,text,TRUE,,681,216,63,63,http://httpbin.org/patch,1516,0,452
1.75983E+12,2051,PUT /put,200,OK,Load testing 1-88,text,TRUE,,717,215,62,62,http://httpbin.org/put,2051,0,233
1.75983E+12,1816,PUT /put,200,OK,Load testing 1-97,text,TRUE,,717,215,62,62,http://httpbin.org/put,1816,0,733
1.75983E+12,2998,POST /post,200,OK,Load testing 1-98,text,TRUE,,718,217,62,62,http://httpbin.org/post,2998,0,234
1.75983E+12,2262,POST /post,200,OK,Load testing 1-55,text,TRUE,,718,217,62,62,http://httpbin.org/post,2262,0,256
1.75983E+12,3466,PATCH /patch,200,OK,Load testing 1-64,text,TRUE,,681,216,62,62,http://httpbin.org/patch,3465,0,225
1.75983E+12,1299,PUT /put,200,OK,Load testing 1-87,text,TRUE,,717,215,61,61,http://httpbin.org/put,1298,0,268
1.75983E+12,3010,PATCH /patch,200,OK,Load testing 1-39,text,TRUE,,681,216,61,61,http://httpbin.org/patch,3009,0,253
1.75983E+12,6850,POST /post,200,OK,Load testing 1-29,text,TRUE,,718,217,60,60,http://httpbin.org/post,6850,0,215
1.75983E+12,2189,PATCH /patch,200,OK,Load testing 1-80,text,TRUE,,681,216,60,60,http://httpbin.org/patch,2189,0,782
1.75983E+12,5680,DELETE /delete,200,OK,Load testing 1-10,text,TRUE,,654,203,59,59,http://httpbin.org/delete,5679,0,221
1.75983E+12,3698,PATCH /patch,200,OK,Load testing 1-54,text,TRUE,,681,216,59,59,http://httpbin.org/patch,3698,0,250
1.75983E+12,10178,DELETE /delete,200,OK,Load testing 1-14,text,TRUE,,654,203,58,58,http://httpbin.org/delete,10178,0,219
1.75983E+12,2172,PUT /put,200,OK,Load testing 1-100,text,TRUE,,717,215,58,58,http://httpbin.org/put,2172,0,703
1.75983E+12,978,PATCH /patch,200,OK,Load testing 1-37,text,TRUE,,681,216,58,58,http://httpbin.org/patch,978,0,221
1.75983E+12,13057,GET /get,200,OK,Load testing 1-25,text,TRUE,,627,125,57,57,http://httpbin.org/get?show_env=1,13056,0,225
1.75983E+12,3203,PUT /put,200,OK,Load testing 1-78,text,TRUE,,717,215,57,57,http://httpbin.org/put,3203,0,247
1.75983E+12,1420,PATCH /patch,200,OK,Load testing 1-61,text,TRUE,,681,216,57,57,http://httpbin.org/patch,1419,0,236
1.75983E+12,828,PATCH /patch,200,OK,Load testing 1-79,text,TRUE,,681,216,56,56,http://httpbin.org/patch,828,0,226
1.75983E+12,488,PATCH /patch,200,OK,Load testing 1-10,text,TRUE,,681,216,55,55,http://httpbin.org/patch,487,0,232
1.75983E+12,10392,DELETE /delete,200,OK,Load testing 1-8,text,TRUE,,654,203,54,54,http://httpbin.org/delete,10391,0,226
1.75983E+12,1653,PUT /put,200,OK,Load testing 1-45,text,TRUE,,717,215,54,54,http://httpbin.org/put,1653,0,229
1.75983E+12,1273,PUT /put,200,OK,Load testing 1-90,text,TRUE,,717,215,54,54,http://httpbin.org/put,1273,0,221
1.75983E+12,860,DELETE /delete,200,OK,Load testing 1-87,text,TRUE,,654,203,54,54,http://httpbin.org/delete,860,0,217
1.75983E+12,1371,DELETE /delete,200,OK,Load testing 1-97,text,TRUE,,654,203,54,54,http://httpbin.org/delete,1370,0,217
1.75983E+12,1856,PATCH /patch,200,OK,Load testing 1-68,text,TRUE,,681,216,54,54,http://httpbin.org/patch,1855,0,225
1.75983E+12,3884,PUT /put,200,OK,Load testing 1-11,text,TRUE,,717,215,53,53,http://httpbin.org/put,3884,0,229
1.75983E+12,11597,GET /get,200,OK,Load testing 1-48,text,TRUE,,627,125,53,53,http://httpbin.org/get?show_env=1,11596,0,226
1.75983E+12,1455,PUT /put,200,OK,Load testing 1-29,text,TRUE,,717,215,53,53,http://httpbin.org/put,1455,0,224
1.75983E+12,4082,PATCH /patch,200,OK,Load testing 1-22,text,TRUE,,681,216,53,53,http://httpbin.org/patch,4081,0,270
1.75983E+12,1818,PUT /put,200,OK,Load testing 1-98,text,TRUE,,717,215,52,52,http://httpbin.org/put,1818,0,225
1.75983E+12,5230,POST /post,200,OK,Load testing 1-95,text,TRUE,,718,217,52,52,http://httpbin.org/post,5230,0,239
1.75983E+12,2635,PUT /put,200,OK,Load testing 1-82,text,TRUE,,717,215,52,52,http://httpbin.org/put,2635,0,231
1.75983E+12,2695,PUT /put,200,OK,Load testing 1-96,text,TRUE,,717,215,52,52,http://httpbin.org/put,2694,0,234
1.75983E+12,9735,PUT /put,200,OK,Load testing 1-53,text,TRUE,,717,215,52,52,http://httpbin.org/put,9734,0,226
1.75983E+12,4373,PUT /put,200,OK,Load testing 1-34,text,TRUE,,717,215,52,52,http://httpbin.org/put,4372,0,287
1.75983E+12,2572,PATCH /patch,200,OK,Load testing 1-20,text,TRUE,,681,216,52,52,http://httpbin.org/patch,2571,0,230
1.75983E+12,807,PATCH /patch,200,OK,Load testing 1-97,text,TRUE,,681,216,51,51,http://httpbin.org/patch,807,0,220
1.75983E+12,9746,DELETE /delete,200,OK,Load testing 1-9,text,TRUE,,654,203,50,50,http://httpbin.org/delete,9746,0,221
1.75983E+12,2158,PUT /put,200,OK,Load testing 1-55,text,TRUE,,717,215,50,50,http://httpbin.org/put,2158,0,217
1.75983E+12,11665,PUT /put,200,OK,Load testing 1-12,text,TRUE,,717,215,50,50,http://httpbin.org/put,11664,0,222
1.75983E+12,3283,DELETE /delete,200,OK,Load testing 1-72,text,TRUE,,654,203,50,50,http://httpbin.org/delete,3283,0,275
1.75983E+12,1886,DELETE /delete,200,OK,Load testing 1-100,text,TRUE,,654,203,50,50,http://httpbin.org/delete,1886,0,218
1.75983E+12,7949,POST /post,200,OK,Load testing 1-83,text,TRUE,,718,217,50,50,http://httpbin.org/post,7949,0,230
1.75983E+12,3018,PATCH /patch,200,OK,Load testing 1-67,text,TRUE,,681,216,50,50,http://httpbin.org/patch,3018,0,279
1.75983E+12,4083,PATCH /patch,200,OK,Load testing 1-70,text,TRUE,,681,216,49,49,http://httpbin.org/patch,4082,0,550
1.75983E+12,608,DELETE /delete,200,OK,Load testing 1-53,text,TRUE,,654,203,48,48,http://httpbin.org/delete,608,0,231
1.75983E+12,8154,PUT /put,200,OK,Load testing 1-57,text,TRUE,,717,215,48,48,http://httpbin.org/put,8154,0,219
1.75983E+12,1244,POST /post,200,OK,Load testing 1-48,text,TRUE,,718,217,48,48,http://httpbin.org/post,1244,0,226
1.75983E+12,2836,DELETE /delete,200,OK,Load testing 1-88,text,TRUE,,654,203,48,48,http://httpbin.org/delete,2836,0,220
1.75983E+12,5467,PATCH /patch,200,OK,Load testing 1-46,text,TRUE,,681,216,48,48,http://httpbin.org/patch,5467,0,297
1.75983E+12,1403,DELETE /delete,200,OK,Load testing 1-11,text,TRUE,,654,203,47,47,http://httpbin.org/delete,1403,0,225
1.75983E+12,1302,DELETE /delete,200,OK,Load testing 1-29,text,TRUE,,654,203,47,47,http://httpbin.org/delete,1302,0,220
1.75983E+12,8344,POST /post,200,OK,Load testing 1-84,text,TRUE,,718,217,47,47,http://httpbin.org/post,8344,0,223
1.75983E+12,3596,DELETE /delete,200,OK,Load testing 1-99,text,TRUE,,654,203,47,47,http://httpbin.org/delete,3596,0,223
1.75983E+12,8793,GET /get,200,OK,Load testing 1-94,text,TRUE,,627,125,47,47,http://httpbin.org/get?show_env=1,8793,0,225
1.75983E+12,1466,PUT /put,200,OK,Load testing 1-95,text,TRUE,,717,215,47,47,http://httpbin.org/put,1466,0,227
1.75983E+12,2743,DELETE /delete,200,OK,Load testing 1-78,text,TRUE,,654,203,47,47,http://httpbin.org/delete,2743,0,228
1.75983E+12,1231,PUT /put,200,OK,Load testing 1-83,text,TRUE,,717,215,47,47,http://httpbin.org/put,1230,0,220
1.75983E+12,1270,PATCH /patch,200,OK,Load testing 1-100,text,TRUE,,681,216,47,47,http://httpbin.org/patch,1270,0,230
1.75983E+12,988,DELETE /delete,200,OK,Load testing 1-57,text,TRUE,,654,203,46,46,http://httpbin.org/delete,988,0,217
1.75983E+12,4894,PATCH /patch,200,OK,Load testing 1-62,text,TRUE,,681,216,46,46,http://httpbin.org/patch,4894,0,243
1.75983E+12,1949,DELETE /delete,200,OK,Load testing 1-96,text,TRUE,,654,203,45,45,http://httpbin.org/delete,1948,0,225
1.75983E+12,2996,PATCH /patch,200,OK,Load testing 1-87,text,TRUE,,681,216,45,45,http://httpbin.org/patch,2996,0,224
1.75983E+12,775,POST /post,200,OK,Load testing 1-94,text,TRUE,,718,217,44,44,http://httpbin.org/post,775,0,219
1.75983E+12,3150,DELETE /delete,200,OK,Load testing 1-90,text,TRUE,,654,203,44,44,http://httpbin.org/delete,3149,0,225
1.75983E+12,472,PATCH /patch,200,OK,Load testing 1-96,text,TRUE,,681,216,44,44,http://httpbin.org/patch,471,0,218
1.75983E+12,15923,GET /get,200,OK,Load testing 1-35,text,TRUE,,627,125,43,43,http://httpbin.org/get?show_env=1,15922,0,226
1.75983E+12,4757,PATCH /patch,200,OK,Load testing 1-91,text,TRUE,,681,216,43,43,http://httpbin.org/patch,4756,0,230
1.75983E+12,11341,POST /post,200,OK,Load testing 1-69,text,TRUE,,718,217,42,42,http://httpbin.org/post,11341,0,218
1.75983E+12,7969,PUT /put,200,OK,Load testing 1-77,text,TRUE,,717,215,42,42,http://httpbin.org/put,7969,0,258
1.75983E+12,1962,PATCH /patch,200,OK,Load testing 1-11,text,TRUE,,681,216,42,42,http://httpbin.org/patch,1962,0,216
1.75983E+12,6852,DELETE /delete,200,OK,Load testing 1-86,text,TRUE,,654,203,41,41,http://httpbin.org/delete,6852,0,290
1.75983E+12,852,PATCH /patch,200,OK,Load testing 1-90,text,TRUE,,681,216,41,41,http://httpbin.org/patch,851,0,219
1.75983E+12,2256,PATCH /patch,200,OK,Load testing 1-88,text,TRUE,,681,216,40,40,http://httpbin.org/patch,2256,0,219
1.75983E+12,12117,POST /post,200,OK,Load testing 1-32,text,TRUE,,718,217,39,39,http://httpbin.org/post,12116,0,220
1.75983E+12,3091,DELETE /delete,200,OK,Load testing 1-55,text,TRUE,,654,203,39,39,http://httpbin.org/delete,3091,0,226
1.75983E+12,2257,DELETE /delete,200,OK,Load testing 1-83,text,TRUE,,654,203,39,39,http://httpbin.org/delete,2256,0,220
1.75983E+12,8244,PUT /put,200,OK,Load testing 1-85,text,TRUE,,717,215,39,39,http://httpbin.org/put,8243,0,263
1.75983E+12,11590,POST /post,200,OK,Load testing 1-15,text,TRUE,,718,217,39,39,http://httpbin.org/post,11590,0,217
1.75983E+12,2469,DELETE /delete,200,OK,Load testing 1-95,text,TRUE,,654,203,39,39,http://httpbin.org/delete,2469,0,234
1.75983E+12,1377,POST /post,200,OK,Load testing 1-35,text,TRUE,,718,217,39,39,http://httpbin.org/post,1376,0,217
1.75983E+12,1915,PUT /put,200,OK,Load testing 1-94,text,TRUE,,717,215,39,39,http://httpbin.org/put,1915,0,218
1.75983E+12,2707,PATCH /patch,200,OK,Load testing 1-99,text,TRUE,,681,216,39,39,http://httpbin.org/patch,2707,0,224
1.75983E+12,1502,PUT /put,200,OK,Load testing 1-69,text,TRUE,,717,215,38,38,http://httpbin.org/put,1501,0,220
1.75983E+12,1540,DELETE /delete,200,OK,Load testing 1-77,text,TRUE,,654,203,38,38,http://httpbin.org/delete,1540,0,228
1.75983E+12,991,PUT /put,200,OK,Load testing 1-32,text,TRUE,,717,215,38,38,http://httpbin.org/put,991,0,222
1.75983E+12,507,PUT /put,200,OK,Load testing 1-35,text,TRUE,,717,215,38,38,http://httpbin.org/put,507,0,223
1.75983E+12,3372,PUT /put,200,OK,Load testing 1-84,text,TRUE,,717,215,38,38,http://httpbin.org/put,3372,0,222
1.75983E+12,5513,DELETE /delete,200,OK,Load testing 1-45,text,TRUE,,654,203,38,38,http://httpbin.org/delete,5512,0,215
1.75983E+12,5631,PATCH /patch,200,OK,Load testing 1-8,text,TRUE,,681,216,38,38,http://httpbin.org/patch,5630,0,226
1.75983E+12,2851,PATCH /patch,200,OK,Load testing 1-57,text,TRUE,,681,216,37,37,http://httpbin.org/patch,2851,0,221
1.75983E+12,11475,DELETE /delete,200,OK,Load testing 1-50,text,TRUE,,654,203,36,36,http://httpbin.org/delete,11474,0,224
1.75983E+12,1119,PUT /put,200,OK,Load testing 1-15,text,TRUE,,717,215,36,36,http://httpbin.org/put,1119,0,224
1.75983E+12,893,DELETE /delete,200,OK,Load testing 1-69,text,TRUE,,654,203,36,36,http://httpbin.org/delete,893,0,224
1.75983E+12,2340,PATCH /patch,200,OK,Load testing 1-86,text,TRUE,,681,216,36,36,http://httpbin.org/patch,2339,0,224
1.75983E+12,1210,DELETE /delete,200,OK,Load testing 1-94,text,TRUE,,654,203,35,35,http://httpbin.org/delete,1209,0,226
1.75983E+12,8870,PUT /put,200,OK,Load testing 1-93,text,TRUE,,717,215,35,35,http://httpbin.org/put,8870,0,289
1.75983E+12,8643,DELETE /delete,200,OK,Load testing 1-43,text,TRUE,,654,203,35,35,http://httpbin.org/delete,8643,0,257
1.75983E+12,1614,DELETE /delete,200,OK,Load testing 1-85,text,TRUE,,654,203,35,35,http://httpbin.org/delete,1614,0,220
1.75983E+12,568,DELETE /delete,200,OK,Load testing 1-15,text,TRUE,,654,203,35,35,http://httpbin.org/delete,568,0,231
1.75983E+12,5511,DELETE /delete,200,OK,Load testing 1-34,text,TRUE,,654,203,35,35,http://httpbin.org/delete,5511,0,233
1.75983E+12,1247,DELETE /delete,200,OK,Load testing 1-35,text,TRUE,,654,203,35,35,http://httpbin.org/delete,1247,0,226
1.75983E+12,7103,POST /post,200,OK,Load testing 1-25,text,TRUE,,718,217,35,35,http://httpbin.org/post,7103,0,224
1.75983E+12,1678,PATCH /patch,200,OK,Load testing 1-77,text,TRUE,,681,216,35,35,http://httpbin.org/patch,1678,0,232
1.75983E+12,696,PATCH /patch,200,OK,Load testing 1-85,text,TRUE,,681,216,34,34,http://httpbin.org/patch,696,0,230
1.75983E+12,789,DELETE /delete,200,OK,Load testing 1-93,text,TRUE,,654,203,33,33,http://httpbin.org/delete,789,0,224
1.75983E+12,1286,PATCH /patch,200,OK,Load testing 1-69,text,TRUE,,681,216,33,33,http://httpbin.org/patch,1286,0,221
1.75983E+12,3421,PATCH /patch,200,OK,Load testing 1-55,text,TRUE,,681,216,32,32,http://httpbin.org/patch,3421,0,214
1.75983E+12,2137,PATCH /patch,200,OK,Load testing 1-50,text,TRUE,,681,216,31,31,http://httpbin.org/patch,2137,0,226
1.75983E+12,979,PUT /put,200,OK,Load testing 1-25,text,TRUE,,717,215,30,30,http://httpbin.org/put,979,0,230
1.75983E+12,1310,PATCH /patch,200,OK,Load testing 1-43,text,TRUE,,681,216,30,30,http://httpbin.org/patch,1310,0,222
1.75983E+12,18359,POST /post,200,OK,Load testing 1-42,text,TRUE,,718,217,29,29,http://httpbin.org/post,18359,0,228
1.75983E+12,15030,GET /get,200,OK,Load testing 1-89,text,TRUE,,627,125,29,29,http://httpbin.org/get?show_env=1,15030,0,229
1.75983E+12,1542,PATCH /patch,200,OK,Load testing 1-34,text,TRUE,,681,216,29,29,http://httpbin.org/patch,1542,0,231
1.75983E+12,14106,DELETE /delete,200,OK,Load testing 1-59,text,TRUE,,654,203,28,28,http://httpbin.org/delete,14105,0,226
1.75983E+12,1821,PATCH /patch,200,OK,Load testing 1-15,text,TRUE,,681,216,28,28,http://httpbin.org/patch,1821,0,217
1.75983E+12,738,DELETE /delete,200,OK,Load testing 1-25,text,TRUE,,654,203,27,27,http://httpbin.org/delete,738,0,218
1.75983E+12,645,POST /post,200,OK,Load testing 1-89,text,TRUE,,718,217,27,27,http://httpbin.org/post,644,0,226
1.75983E+12,2612,PATCH /patch,200,OK,Load testing 1-94,text,TRUE,,681,216,27,27,http://httpbin.org/patch,2612,0,226
1.75983E+12,13254,POST /post,200,OK,Load testing 1-92,text,TRUE,,718,217,26,26,http://httpbin.org/post,13254,0,264
1.75983E+12,820,PATCH /patch,200,OK,Load testing 1-59,text,TRUE,,681,216,26,26,http://httpbin.org/patch,819,0,225
1.75983E+12,3673,DELETE /delete,200,OK,Load testing 1-84,text,TRUE,,654,203,25,25,http://httpbin.org/delete,3673,0,224
1.75983E+12,616,PUT /put,200,OK,Load testing 1-89,text,TRUE,,717,215,25,25,http://httpbin.org/put,616,0,217
1.75983E+12,834,PATCH /patch,200,OK,Load testing 1-25,text,TRUE,,681,216,25,25,http://httpbin.org/patch,834,0,229
1.75983E+12,4290,DELETE /delete,200,OK,Load testing 1-32,text,TRUE,,654,203,24,24,http://httpbin.org/delete,4290,0,212
1.75983E+12,2408,PATCH /patch,200,OK,Load testing 1-93,text,TRUE,,681,216,24,24,http://httpbin.org/patch,2407,0,224
1.75983E+12,13942,POST /post,200,OK,Load testing 1-73,text,TRUE,,718,217,23,23,http://httpbin.org/post,13941,0,297
1.75983E+12,8980,DELETE /delete,200,OK,Load testing 1-98,text,TRUE,,654,203,23,23,http://httpbin.org/delete,8980,0,227
1.75983E+12,12728,PATCH /patch,200,OK,Load testing 1-76,text,TRUE,,681,216,23,23,http://httpbin.org/patch,12727,0,696
1.75983E+12,587,PATCH /patch,200,OK,Load testing 1-32,text,TRUE,,681,216,22,22,http://httpbin.org/patch,586,0,223
1.75983E+12,8489,PUT /put,200,OK,Load testing 1-48,text,TRUE,,717,215,21,21,http://httpbin.org/put,8488,0,222
1.75983E+12,1090,DELETE /delete,200,OK,Load testing 1-89,text,TRUE,,654,203,21,21,http://httpbin.org/delete,1090,0,228
1.75983E+12,2644,PUT /put,200,OK,Load testing 1-42,text,TRUE,,717,215,21,21,http://httpbin.org/put,2644,0,217
1.75983E+12,16507,PATCH /patch,200,OK,Load testing 1-40,text,TRUE,,681,216,21,21,http://httpbin.org/patch,16507,0,227
1.75983E+12,9771,PATCH /patch,200,OK,Load testing 1-9,text,TRUE,,681,216,20,20,http://httpbin.org/patch,9771,0,232
1.75983E+12,10224,DELETE /delete,200,OK,Load testing 1-82,text,TRUE,,654,203,19,19,http://httpbin.org/delete,10224,0,232
1.75983E+12,2255,PUT /put,200,OK,Load testing 1-92,text,TRUE,,717,215,19,19,http://httpbin.org/put,2255,0,227
1.75983E+12,10276,DELETE /delete,200,OK,Load testing 1-12,text,TRUE,,654,203,19,19,http://httpbin.org/delete,10276,0,227
1.75983E+12,619,DELETE /delete,200,OK,Load testing 1-92,text,TRUE,,654,203,19,19,http://httpbin.org/delete,618,0,224
1.75983E+12,672,PATCH /patch,200,OK,Load testing 1-12,text,TRUE,,681,216,19,19,http://httpbin.org/patch,671,0,216
1.75983E+12,2359,PUT /put,200,OK,Load testing 1-73,text,TRUE,,717,215,18,18,http://httpbin.org/put,2358,0,219
1.75983E+12,2528,PATCH /patch,200,OK,Load testing 1-98,text,TRUE,,681,216,18,18,http://httpbin.org/patch,2527,0,220
1.75983E+12,2195,PATCH /patch,200,OK,Load testing 1-89,text,TRUE,,681,216,17,17,http://httpbin.org/patch,2195,0,225
1.75983E+12,1447,PATCH /patch,200,OK,Load testing 1-82,text,TRUE,,681,216,16,16,http://httpbin.org/patch,1447,0,223
1.75983E+12,15171,PUT /put,200,OK,Load testing 1-24,text,TRUE,,717,215,15,15,http://httpbin.org/put,15171,0,293
1.75983E+12,13639,PATCH /patch,200,OK,Load testing 1-14,text,TRUE,,681,216,15,15,http://httpbin.org/patch,13639,0,217
1.75983E+12,2607,DELETE /delete,200,OK,Load testing 1-42,text,TRUE,,654,203,14,14,http://httpbin.org/delete,2607,0,226
1.75983E+12,7814,PATCH /patch,200,OK,Load testing 1-45,text,TRUE,,681,216,14,14,http://httpbin.org/patch,7814,0,229
1.75983E+12,3049,DELETE /delete,200,OK,Load testing 1-48,text,TRUE,,654,203,13,13,http://httpbin.org/delete,3049,0,223
1.75983E+12,12176,PATCH /patch,200,OK,Load testing 1-72,text,TRUE,,681,216,13,13,http://httpbin.org/patch,12175,0,230
1.75983E+12,7236,PATCH /patch,200,OK,Load testing 1-35,text,TRUE,,681,216,12,12,http://httpbin.org/patch,7235,0,232
1.75983E+12,2743,PATCH /patch,200,OK,Load testing 1-92,text,TRUE,,681,216,11,11,http://httpbin.org/patch,2742,0,224
1.75983E+12,10569,PATCH /patch,200,OK,Load testing 1-83,text,TRUE,,681,216,10,10,http://httpbin.org/patch,10569,0,226
1.75983E+12,2663,DELETE /delete,200,OK,Load testing 1-24,text,TRUE,,654,203,9,9,http://httpbin.org/delete,2663,0,238
1.75983E+12,3333,DELETE /delete,200,OK,Load testing 1-73,text,TRUE,,654,203,9,9,http://httpbin.org/delete,3333,0,221
1.75983E+12,10651,PATCH /patch,200,OK,Load testing 1-95,text,TRUE,,681,216,9,9,http://httpbin.org/patch,10651,0,222
1.75983E+12,2316,PATCH /patch,200,OK,Load testing 1-42,text,TRUE,,681,216,8,8,http://httpbin.org/patch,2315,0,235
1.75983E+12,2666,PATCH /patch,200,OK,Load testing 1-48,text,TRUE,,681,216,7,7,http://httpbin.org/patch,2665,0,232
1.75983E+12,13849,PATCH /patch,200,OK,Load testing 1-78,text,TRUE,,681,216,6,6,http://httpbin.org/patch,13849,0,222
1.75983E+12,866,PATCH /patch,200,OK,Load testing 1-73,text,TRUE,,681,216,5,5,http://httpbin.org/patch,866,0,220
1.75983E+12,14639,PATCH /patch,200,OK,Load testing 1-29,text,TRUE,,681,216,4,4,http://httpbin.org/patch,14638,0,226
1.75983E+12,16074,PATCH /patch,200,OK,Load testing 1-53,text,TRUE,,681,216,3,3,http://httpbin.org/patch,16074,0,226
1.75983E+12,12090,PATCH /patch,200,OK,Load testing 1-84,text,TRUE,,681,216,2,2,http://httpbin.org/patch,12090,0,231
1.75983E+12,8082,PATCH /patch,200,OK,Load testing 1-24,text,TRUE,,681,216,1,1,http://httpbin.org/patch,8081,0,236
